id,type,name,color,description,formality,register,volume,loud,flag,favorite,spring,summer,fall,winter
1,outerwear,Waxed chore jacket,olive,"Olive waxed-cotton chore jacket, boxy-structured shoulders that build his frame, four patch pockets, corduroy collar; regular fit over a knit; the most-worn layer, rain-proof",3,earth,regular,no,,yes,true,false,true,true
2,outerwear,Wool overcoat,camel,"Camel wool-blend single-breasted overcoat, knee length, notch lapel, regular fit with room for a knit underneath; the only coat, winter workhorse",4,earth,regular,no,,no,false,false,true,true
3,outerwear,Suede bomber jacket,chocolate brown,"Chocolate-brown suede bomber, ribbed cuffs and hem, hits at the waist so it adds shoulder width; not for rain (suede)",3,earth,regular,no,,no,true,false,true,false
4,outerwear,Corduroy overshirt,warm taupe,"Warm-taupe wide-wale corduroy overshirt, two flap chest pockets, regular fit; worn open over a tee or knit, structured enough to act as a light jacket",3,earth,regular,no,,no,true,false,true,true
5,tshirt,Heavyweight crew tee,"ivory, warm gray, soft navy","Heavyweight 240gsm cotton crew tee, regular fit, sleeve at mid-bicep, holds its shape under a layer; the base of most casual outfits",2,neutral,regular,no,,yes,true,true,true,true
6,sweatshirt,Logo crewneck sweatshirt (Champion),heather gray,"Heather-gray loopback crewneck sweatshirt with a large chest logo, relaxed fit; errands and sofa only",1,street,relaxed,no,logo weekend-only,no,true,false,true,true
7,sweater,Merino turtleneck,black,"Black fine merino turtleneck, fitted; bought for a themed party; drains him at the face and breaks his no-black-above-the-waist rule, so never propose it",4,neutral,fitted,no,off-palette-near-face,no,false,false,true,true
8,polo,Knit polo,"ivory, sage (hero-colour)","Fine-gauge cotton knit polo with a Johnny collar (no buttons), regular fit, ribbed hem sits at the belt line; the collar adds structure at the face",3,neutral,regular,no,,yes,true,true,true,false
9,sweater,Lambswool crew knit,dusty teal,"Dusty-teal brushed lambswool crewneck, regular fit, slightly fuzzy hand; muted enough to sit on a neutral or an earth base; best under the chore jacket or overshirt",3,neutral,regular,no,hero-colour,no,true,false,true,true
10,shirt,Oxford button-down shirt,"ecru, dusty blue","Cotton oxford button-down shirt, regular fit, soft roll collar; works tucked with chinos or untucked under a knit; collar shows well above a crew neck",3,both,regular,no,,yes,true,true,true,true
11,shirt,Linen camp shirt,khaki,"Khaki washed-linen short-sleeve camp-collar shirt, relaxed boxy fit, summer only; wear untucked",2,earth,relaxed,no,,no,false,true,false,false
12,sweater,Fair Isle yoke sweater,ecru/rust,"Ecru wool crewneck with a rust and olive Fair Isle yoke, regular fit; the one statement knit, pattern sits right at the face",3,earth,regular,yes,,no,false,false,true,true
13,sweater,Merino crew knit,"warm charcoal, camel","Fine-gauge merino crewneck, regular fit, smooth flat knit; the dressiest knit he owns, layers over the oxford collar for client days",4,neutral,regular,no,,no,true,false,true,true
14,pants,Pleated wool trousers,warm gray,"Warm-gray wool flannel single-pleat trousers, high rise, relaxed straight leg; the only formality-4 trouser; he finds them stiff and dated (see issues)",4,neutral,relaxed,no,low-wear-parked,no,true,false,true,true
15,pants,Straight chinos,"khaki, soft navy","Cotton twill chinos, straight leg, mid rise, slight break; khaki is earth register, soft navy is neutral; the everyday studio trouser",3,both,regular,no,,yes,true,true,true,true
16,jeans,Straight jeans,washed indigo,"Mid-wash straight-leg selvedge jeans, mid rise, regular through the thigh, hemmed for no break; the only jeans, skews casual",2,both,regular,no,,yes,true,true,true,true
17,pants,Relaxed corduroy trousers,chocolate brown,"Chocolate-brown fine-wale corduroy trousers, relaxed straight leg, mid rise, drawstring-free with belt loops; autumn and winter staple",3,earth,relaxed,no,,no,true,false,true,true
18,pants,Drawstring linen trousers,sand,"Sand linen drawstring trousers, relaxed leg, elastic back waist (never with a belt), summer only",2,earth,relaxed,no,,no,false,true,false,false
19,shorts,Chino shorts,stone,"Stone cotton chino shorts, 7-inch inseam, regular fit; weekends and holidays only (no shorts at work)",2,earth,regular,no,,no,false,true,false,false
20,shoes,Suede chukka boots,tan,"Tan suede chukka boots, crepe sole, low-profile; pair with straight chinos and cords; not for rain",3,earth,low-profile,no,,yes,true,false,true,true
21,shoes,Leather sneakers,ivory,"Ivory full-grain leather low-top sneakers, slim cupsole, minimal; the universal connector, kept clean",2,both,low-profile,no,,yes,true,true,true,true
22,shoes,Penny loafers,dark brown,"Dark-brown calf-leather penny loafers, leather sole, low-profile; the one formality-4 shoe",4,earth,low-profile,no,,no,true,true,true,false
23,shoes,Trail running shoes (Salomon),olive/black,"Olive and black trail running shoes, chunky lugged sole, technical mesh; hikes and Saturday errands only",1,street,chunky,no,weekend-only,no,true,true,true,true
24,belt,Leather belt,"dark brown, tan","Smooth leather belt, 3cm, brushed brass buckle; match the colorway to the shoes",3,earth,-,no,,no,true,true,true,true
25,watch,Field watch,brushed gold,"Brushed gold-tone 38mm field watch, cream dial, brown leather strap",3,earth,-,no,,yes,true,true,true,true
26,sunglasses,Acetate sunglasses,tortoiseshell,"Tortoiseshell acetate sunglasses, rounded-square frame, brown gradient lenses; warm frame suits his colouring",2,earth,-,no,,no,true,true,true,true
